"","Book"
"1","¡solo pregunta!: sé diferente, sé valiente, sé tú"
"2","¡vámonos! let's go!"
"3","¿de dónde eres?/where are you from?"
"4","""hello,"" i lied : a novel"
"5","""multiplication is for white people"": raising expectations for other people's children"
"6","#blacklivesmatter"
"7","#blacklivesmatter :
 protesting racism"
"8","#blacklivesmatter: protesting racism"
"9","#hockey (check, please! series)"
"10","#murder trending"
"11","#murdertrending"
"12","#murdertrending (murdertrending series)"
"13","10 things i can see from
 here"
"14","10 things i can see from here"
"15","100 questions you would never ask your parents"
"16","100 questions you'd never ask your parents: straight answers to a teens' questions about sex, sexuality, and health"
"17","101 questions about
 reproduction : or how 1 + 1
 = 3 or 4 or more--"
"18","101 questions about reproduction: or how 1 + 1 = 3 or 4 or more"
"19","101 questions about sex
 and sexuality-- : with
 answers for the curious,
 cautious, and confused"
"20","101 questions about sex & sexuality: with answer for the curious, cautious, and confused"
"21","101 questions about sex and sexuality: with answers for the curious, cautious, and confused"
"22","13 reasons why"
"23","19 love songs"
"24","19 minutes"
"25","24 girls in 7 days"
"26","25 women who dared to go"
"27","25 women who fought back"
"28","25 women who ruled"
"29","25 women who rules"
"30","25 women who thought of it first"
"31","33 snofish"
"32","33 snowfish"
"33","47"
"34","47,000 beads"
"35","50 shades of gray"
"36","6 books removed from are returned"
"37","642 things to write about"
"38","7 days at the hot corner"
"39","a bad boy can be good for a girl"
"40","a big mooncake for little star"
"41","a bike like sergio's"
"42","a boy called bat"
"43","a boy called bat (a boy called bat series)"
"44","a case of need"
"45","a certain slant of light"
"46","a complicated love story set in space"
"47","a court of frost and starlight"
"48","a court of mist and fury"
"49","a court of of wings and ruin"
"50","a court of silver flames"
"51","a court of thorn and roses"
"52","a court of thorns and roses"
"53","a court of wings and ruin"
"54","a day in the life of marlon brando"
"55","a girl on the shore"
"56","a good kind of trouble"
"57","a guy's guide to sexuality
 and sexual identity in the
 21st century"
"58","a guy's guide to sexuality and sexual identity in the 21st century"
"59","a guy’s guide to sexuality and sexual identity in the 21st century"
"60","a high five for glenn burke"
"61","a home for goddesses and
 dogs"
"62","a home for goddesses and dogs"
"63","a is for activist"
"64","a is for audra: broadway's leading ladies from a to z"
"65","a kids book about racism"
"66","a lesson before dying"
"67","a line in the dark"
"68","a long walk to water"
"69","a love story staring my dead friend"
"70","a love story starring my
 dead best friend"
"71","a love story starring my dead best friend"
"72","a phoenix must burn"
"73","a place inside of me: a poem to heal the heart"
"74","a queer history of the united states for young people"
"75","a quick & easy guide to queer & trans identities"
"76","a quick and easy guide to queer & trans identifities"
"77","a raisin in the sun"
"78","a shot at normal"
"79","a splash of red: the life and art of horace pippen"
"80","a splash of red: the life and art of horace pippin"
"81","a totally awkward love story"
"82","a very, very bad thing"
"83","a young people's history of the united states"
"84","abortion"
"85","abortion : a documentary
 and reference guide"
"86","abortion : interpreting the constitution"
"87","abortion : opposing viewpoints"
"88","abortion : understanding the debate"
"89","abortion (opposing viewpoints series)"
"90","abortion: a documentary and reference guide"
"91","absolute brightness"
"92","absolutely true diary of a part-time indian"
"93","abuela's birthday (sofía martínez series)"
"94","abuela's special letters (sofía martínez series)"
"95","ace of spades"
"96","ada byron lovelace & the thinking machine"
"97","ada byron lovelace and the thinking machine"
"98","african american cowboys: true heroes of the old west"
"99","after"
"100","after the game"
"101","after the game (the field party series)"
"102","afterward"
"103","afterworlds"
"104","alan cole is not a coward"
"105","alex as well"
"106","alexander, kwame and kadir nelson"
"107","alison, who went away"
"108","all amercan boys"
"109","all american boys"
"110","all are welcome"
"111","all books"
"112","all boy's aren't blue"
"113","all boys aren't blue"
"114","all eyes on us"
"115","all out"
"116","all the bright places"
"117","all the colors we are"
"118","all the colors we are: todos los colores de nuestra piel/the story of how we get our skin color"
"119","all the colors we are: todos los colores de nuestra piel/the story of how we get our skin color (spanish version)"
"120","all the things we do in the
 dark"
"121","all the things we do in the dark"
"122","all the world"
"123","all we can do is wait"
"124","all we can do is wait : a
 novel"
"125","all we can do is wait : a novel"
"126","allegedly"
"127","allman, john robert"
"128","alma and how she got her name"
"129","almost perfect"
"130","always my dad"
"131","amal unbound"
"132","amazing grace"
"133","amazing grace (grace series)"
"134","ambitious girl"
"135","amelia to zora: twenty six women who changed the world"
"136","amelia to zora: twenty-six women who changed the world"
"137","american born chinese"
"138","american street"
"139","amos & boris"
"140","an african american and
 latinx history of the united
 states"
"141","an african american and latinx history of the united states"
"142","an african american and latinx history of the united states "
"143","an indigenous people's history of the united states"
"144","an indigenous peoples' history of the united states"
"145","an indigenous peoples' history of the united states for young people"
"146","ana on the edge"
"147","and she was"
"148","and still i rise"
"149","and tango makes three"
"150","anger is a gift"
"151","anger is a gift: a novel"
"152","angus, thongs, and full-frontal snogging"
"153","anna hibiscus"
"154","anna hibiscus (anna hibiscus series)"
"155","anne frank's diary (the graphic adaption)"
"156","anne frank's diary: the graphic adaption"
"157","annie on my mind"
"158","another"
"159","another day"
"160","another kind of cowboy"
"161","antiracist baby"
"162","antonio's card = la tarjeta de antonio"
"163","apple skin to the core"
"164","archenemy"
"165","are you lgbtq?"
"166","aristotle and dante discover the secrets of the universe"
"167","aristotle and dante discover the secrets of the universe (aristotle and dante series)"
"168","around our way on neighbor's way"
"169","around our way on neighbors' day"
"170","as brave as you"
"171","as far as you'll take me"
"172","as fast as words could fly"
"173","as good as dead"
"174","as i descended"
"175","as the crow flies"
"176","ash"
"177","ask me how i got here"
"178","ask the passengers"
"179","asking for it"
"180","at the edge of the universe"
"181","attack of the swamp thing (jaden toussaint, the greatest series)"
"182","autoboyography"
"183","awakened (house of night series)"
"184","away we go"
"185","bachelor girl"
"186","bad for you"
"187","bad for you (sea breeze series)"
"188","bad news: how woke medica is underminindg democracy"
"189","bait"
"190","barren grounds"
"191","baseball saved us"
"192","bat and the end of everything"
"193","bat and the end of everything (a boy called bat series)"
"194","bat and the waiting game"
"195","bat and the waiting game (a boy called bat series)"
"196","batman: the brave and the bold -"
"197","bayou magic"
"198","bayou magic (the louisiana girls trilogy series)"
"199","beast"
"200","beautiful"
"201","beautiful bastard"
"202","beautiful music for ugly
 children"
"203","beautiful music for ugly children"
"204","because"
"205","becoming nicole : the
 transformation of an
 american family"
"206","becoming nicole: the inspiring story of transgender actor-activist nicole maines and her extraordinary family"
"207","before i fall"
"208","before john was a jazz giant - a song of john coltrane"
"209","before john was a jazz giant: a song of john coltrane"
"210","before the ever after"
"211","being jazz - my life as a transgender teen"
"212","being jazz – my life as a transgender teen"
"213","being jazz : my life as a
 (transgender) teen"
"214","being jazz : my life as a (transgender) teen"
"215","being jazz: my life as a (transgender) teen"
"216","being jazz: my life as a transgender teen"
"217","being the change"
"218","being the change: lessons
 and strategies to teach
 social comprehension"
"219","being the change: lessons and strategies to teach social comprehension"
"220","being transgender"
"221","beloved"
"222","bend, don't shatter: poets on the beginning of desires"
"223","best best colors"
"224","best best colors: los mejores colores"
"225","betrayed (house of night series)"
"226","between mom and jo"
"227","between shades of gray"
"228","between the world and me"
"229","beware the werewolf (desmond cole ghost patrol series)"
"230","beyond dreams : true-to-
 life series from hamilton
 high"
"231","beyond dreams (hamilton high series)"
"232","beyond magenta"
"233","beyond magenta :
 transgender teens speak
 out"
"234","beyond magenta: transgender teens speak out"
"235","beyond the gender binary"
"236","beyond theory: a blue rpint to omplement african-center education"
"237","beyond theory: a blueprint to implement african-centered education"
"238","bible"
"239","big guy"
"240","big hair, don't care"
"241","bilal cooks daal"
"242","bioethics : who lives, who
 dies, and who decides?"
"243","bioethics: who lives, who dies, and who decides"
"244","bioethics: who lives, who dies, and who decides?"
"245","birth control"
"246","birthday"
"247","black and white"
"248","black appetite. white food."
"249","black appetite. white food.: issues of race, voice, and justice within and beyond the classroom"
"250","black borther, black brother"
"251","black brother black brother"
"252","black brother, black brother"
"253","black enough"
"254","black enough: stories of being young & black in america"
"255","black friend: on being a better white person"
"256","black girl unlimited"
"257","black girl unlimited: the remarkable story of a teenage wizard"
"258","black lives matter"
"259","black lives matter: from a moment to a movement"
"260","black rabbit summer"
"261","black rednecks and white liberals"
"262","black software: the internet & racial justice, from the afronet to black lives matter"
"263","black youth rising"
"264","black youth rising: activism and radical healing in urban america"
"265","blankets"
"266","blended"
"267","bleoved"
"268","bless me ultima"
"269","bless me, ultima"
"270","blind spot"
"271","blindspot: hidden biases of good people"
"272","blm: the making of a new marxist revolution"
"273","blood sport"
"274","blood water paint"
"275","bloom and identity: a story of transitioning"
"276","blue is the warmest color"
"277","born a crime"
"278","born out of struggle"
"279","born out of struggle: critical race theory, school creation, and the politics of interruption"
"280","bowery girl"
"281","boy erased : a memoir of
 identity, faith, and family"
"282","boy erased: a memoir of identity, faith, and family"
"283","boy girl boy"
"284","boy2girl"
"285","boys will be boys: power, patriarchy, and toxic masculinity"
"286","brand new school, brave new ruby (ruby and the booker boys series)"
"287","branded by the pink triangle"
"288","brave"
"289","brave face"
"290","brave face: a memoir"
"291","brave irene"
"292","brave leaders and activists"
"293","brave new world"
"294","brazen"
"295","breathless"
"296","bridge to terabithia"
"297","broken things"
"298","brown girl dreaming"
"299","burn baby burn"
"300","burned"
"301","burned (burned series)"
"302","burned (house of night series)"
"303","by the time you read this i'll be dead"
"304","call me by your name"
"305","call me by your name (call me by your name series)"
"306","call me max"
"307","call me max (max and friends series)"
"308","campfire stories (desmond cole ghost patrol series)"
"309","can i touch your hair?"
"310","can i touch your hair? poems of race, mistakes, and friendship"
"311","can we talk about race"
"312","can we talk about race?: and other conversations in an era of school resegregation"
"313","caravel"
"314","carmela full of wishes"
"315","caste - the origins of our discontents"
"316","caste : the origins of our
 discontents"
"317","caste : the origins of our discontents"
"318","caste: the origins of our discontents"
"319","catching the moon"
"320","catching the moon: the story of a young girl's baseball dream"
"321","cats vs robots: this is war"
"322","cece loves science"
"323","cece loves science (cece loves science series)"
"324","celebrate your body 2: the ultimate puberty book for preteen and teen girls"
"325","cemetary boys"
"326","cemetery boys"
"327","chainbreaker"
"328","chainbreaker (timekeeper series)"
"329","changing the equation: 50+ us black women in stem"
"330","charmed"
"331","chasing space (young reader's edition)"
"332","chasing space young readers' edition"
"333","check please"
"334","check please #hockey"
"335","cherry"
"336","cherry, matthew a. and vashti harrison"
"337","chicken girl"
"338","child abuse - opposing viewpoints"
"339","children of blood and bone"
"340","chocolate milk por favor"
"341","chocolate milk, por favor"
"342","chosen (house of night series)"
"343","cider house rules"
"344","cilla lee-jenkins (series)"
"345","cilla lee-jenkins: future author extraordinaire (cilla lee-jenkins series)"
"346","cilla lee-jenkins: the epic story (cilla lee-jenkins series)"
"347","cilla lee-jenkins: this book is a classic (cilla lee-jenkins series)"
"348","cinderella is dead"
"349","citizen : an american lyric"
"350","citizen: an american lyric"
"351","city of heavenly fire"
"352","city of heavenly fire (the mortal instruments series)"
"353","city of lost souls"
"354","city of thieves"
"355","civic unrest: investigate the struggle for social change"
"356","clap when you land"
"357","class act"
"358","clockwork princess"
"359","combat zone"
"360","come with me"
"361","coming out : telling family
 and friends"
"362","coming out and seeking support"
"363","coming out: telling family and friends"
"364","coming to america"
"365","commuity builder: luis munoz marin"
"366","condoleezza rice: being the best"
"367","condoleezza rice: being the best (gateway biographies)"
"368","confronting lgbtq+ discrimination"
"369","considering hate : violence,
 goodness, and justice in
 american culture and
 politics"
"370","considering hate: violence, goodness, and justice in american culture and politics"
"371","counting on katherine"
"372","counting on katherine: how katherine johnson saved apollo 13"
"373","courageous conversations about race"
"374","courageous conversations about race: a field guide for achieving equity in schools and beyond"
"375","cradle and all"
"376","craft, jerry"
"377","crank"
"378","crank (crank series)"
"379","crazy weird! (weirdo series)"
"380","crosing the wire"
"381","cross my heart"
"382","cross my heart (cross my heart series)"
"383","crossing lines"
"384","crown: an ode to the fresh cut"
"385","crush"
"386","cultivating genius"
"387","cultivating genius: an equity framework for culturally and historically responsive literacy"
"388","culturally and linguistically responsive teaching"
"389","culturally and linguistically responsive teaching and learning – classroom practices for student success, grades k-12"
"390","culturally responsive teaching"
"391","culturally responsive teaching and the brain"
"392","culturally responsive teaching and the brain: promoting authentic engagement and rigor among culturally and linguistically diverse students"
"393","culturally responsive teaching: theory, research, and practice"
"394","culturally sustaining pedagogies"
"395","culturally sustaining pedagogies: teaching and learning for justice in a changing world"
"396","cut both ways"
"397","daddy, there's a noise outside"
"398","daddy's roommate"
"399","damsel"
"400","dancing naked : a novel"
"401","darius the great deserves better"
"402","darius the great deserves better (darius the great series)"
"403","dark descent of elizabeth frankenstein"
"404","dark money"
"405","darkness before dawn"
"406","date violence (life balance)"
"407","dateable : are you? are they?"
"408","dating, relationships, and
 sexuality : what teens
 should know"
"409","dating, relationships, and sexuality: what teens should know"
"410","daughters unto devils"
"411","de done eres?"
"412","dead end"
"413","dead until dark"
"414","dear diary, i'm pregnant : ten real life stories"
"415","dear evan hansen: the novel"
"416","dear justyce"
"417","dear martin"
"418","death wind"
"419","delicates"
"420","deogratias"
"421","deogratias: a tale of rwanda"
"422","deposing nathan"
"423","desmond cole, ghost patrol (series)"
"424","destined (house of night series)"
"425","detour for emmy"
"426","did i mention i love you?"
"427","did i mention i need you"
"428","did i mention i need you? (dimily series)"
"429","dig"
"430","dime"
"431","discovering wes moore"
"432","dishes"
"433","do abstinence programs work"
"434","do abstinence programs work?"
"435","doin' it : juicy central #8"
"436","doing it right : making
 smart, safe, and satisfying
 choices about sex"
"437","doing it right: making smart, safe, and satisfying choices about sex"
"438","doing it!"
"439","doing it! let's talk about sex"
"440","doing it!: let's talk about sex"
"441","don't touch my hair"
"442","don't touch my hair!"
"443","donald trump"
"444","donovan's big day"
"445","double challenge: being lgbtq and a minoirty"
"446","double exposure"
"447","downstairs girl"
"448","drag teen : a tale of angst and wigs"
"449","dragonwings"
"450","drama"
"451","drama: a graphic novel"
"452","draw me a star"
"453","draw the line"
"454","drawn together"
"455","dreadnought"
"456","dreadnought (h.i.v.e. series)"
"457","dreadnought (nemesis series)"
"458","dream drum girl"
"459","dreamers"
"460","dreaming in cuban"
"461","dreaming in cuban(a novel)"
"462","dreamkeepers "
"463","dress codes for small towns"
"464","dress dcodes for small tones"
"465","drum dream girl: how one girl's courage changed music"
"466","duels and deception"
"467","duke ellington"
"468","duke ellington: the piano prince and his orchestra"
"469","each kindness"
"470","each of us a desert"
"471","early sunday morning"
"472","echo after echo"
"473","eclipse"
"474","eclipse (twilight series)"
"475","eight seconds"
"476","el color de la pels"
"477","el color de la piel"
"478","el día en que descubres quién eres"
"479","el dia en qui descubres quien eres"
"480","eleanor & park"
"481","eleanor and park"
"482","elizabeth blackwell, the first woman doctor"
"483","elizabeth blackwell: first woman doctor"
"484","embrace"
"485","empire of storms"
"486","empire of the storms"
"487","empress of the world"
"488","empress of the world (battle hall davies series)"
"489","empty"
"490","en comunidad"
"491","en comunidad: lessons for centering the voices and experiences of bilingual latinx students"
"492","en el bosque"
"493","encounter"
"494","enough! 20 protesters who changed america"
"495","equal rights"
"496","escape from the roller ghoster (desmond cole ghost patrol series)"
"497","escaping a sinking ship"
"498","escuchando con mi corazon"
"499","escuchando con mi corazón: un cuento de bondad y autocompasión (listening to my heart)"
"500","esperanza rising"
"501","esta bien ser diferente/it's okay to be different (spanish version)"
"502","etched in clay"
"503","even weirder! (weirdo series)"
"504","everbody sees the ants"
"505","every day (every day series)"
"506","every day is exciting (sofía martínez series)"
"507","everybody sees the ants"
"508","everyday"
"509","everyday anti-racism
"
"510","everyday antiracism: getting real about race in school"
"511","everything changes"
"512","everything leads to you"
"513","everything you love will
 burn : inside the rebirth of
 white nationalism in
 america"
"514","everything you love will burn: inside the rebirth of white nationalism in america"
"515","everything you need to know about bisexuality"
"516","everything, everything"
"517","everywhere babies"
"518","exist, pursued by a bear"
"519","exit here"
"520","exit, pursued by a bear"
"521","expecting"
"522","exquisite: the poetry and life of gwendolyn brooks"
"523","exta bian ser diferente"
"524","extra weird! (weirdo series)"
"525","extremely loud & incredibly close"
"526","extremely loud and incredibly close"
"527","faces at the bottom of the well "
"528","faces at the bottom of the well: the permanence of racism"
"529","fade"
"530","fade (wake series)"
"531","fairest: levana's story"
"532","fairest: levana's story (the lunar chronicles series)"
"533","fairy tale, volume 45"
"534","faith ringgold"
"535","faith ringgold (getting to know the world's greatest artists)"
"536","falling hard : 100 love poems by teenagers"
"537","fallout"
"538","fallout (crank series)"
"539","fan art"
"540","fancy white trash"
"541","fans of the impossible life"
"542","far from the tree"
"543","far from the tree : how
 children and their parents
 learn to accept one
 another"
"544","far from the tree : how children and their parents learn to accept one another"
"545","far from the tree : parents,
 children, and the search for
 identity"
"546","far from the tree: how children and their parents learn to accept one another . . . our differences unite us"
"547","far from the tree: parents, children and the search for identity"
"548","far from xanadu"
"549","far from you"
"550","fat chance, charlie vega"
"551","fates and furies"
"552","feed"
"553","feeling wrong in your own
 body : understanding what
 it means to be transgender"
"554","feeling wrong in your own body: understanding what it means to be transgender"
"555","feelings"
"556","felix ever after"
"557","fences"
"558","final takedown"
"559","finding community"
"560","finding junie kim"
"561","firestarter"
"562","firestarter (timekeeper series)"
"563","fishing day"
"564","flamer"
"565","flight of the puffin"
"566","fly on the wall"
"567","fly on the wall how one girl saw everything"
"568","fly on the wall: how one girl saw everything"
"569","follow your arrow"
"570","for black girls like me"
"571","for white folks who teach in the hood"
"572","for white folks who teach in the hood... and the rest of y'all too: reality pedagogy and urban education"
"573","forbidden"
"574","forever"
"575","forever for a year"
"576","forever..."
"577","forged by fire"
"578","forget this ever happened"
"579","freak boy"
"580","freak show"
"581","freakboy"
"582","freaks and revelations"
"583","freaks and revelations : a
 novel"
"584","freedom in congo square"
"585","friendship, dating, and
 relationships"
"586","friendship, dating, and relationships (teens: being gay, lesbian, bisexual, or transgender)"
"587","from the desk of zoe washington"
"588","from the notebooks of melanin sun"
"589","from the stars in the sky to the fish in the sea"
"590","front desk"
"591","front desk (front desk series)"
"592","fry bread: a native american family story"
"593","fry bread: a native american story"
"594","full cicaca moon"
"595","full disclosure"
"596","full, full, full of love"
"597","fun home"
"598","fun home; a tragic comic"
"599","fun home: a family tragicomic"
"600","gabi, a girl in pieces"
"601","game changer"
"602","gay and lesbian role
 models"
"603","gay and lesbian role models"
"604","gay believers :
 homosexuality and religion"
"605","gay believers: homosexuality and religion"
"606","gay issues and politics :
 marriage, the military, &
 work place discrimination"
"607","gay issues and politics: marriage, the military, & work place discrimination"
"608","gay people of color : facing
 prejudices, forging
 identities"
"609","gay people of color: facing prejudices, forging identities"
"610","gays and mental health :
 fighting depression, saying
 no to suicide"
"611","gays and mental health: fighting depression, saying no to suicide"
"612","gender danger : survivors
 of rape, human trafficking,
 and honor killings"
"613","gender danger : survivors of rape, human trafficking, and honor killings"
"614","gender danger: survivors of rape, human trafficking, and honor killings"
"615","gender equality"
"616","gender equality (foundations of democracy)"
"617","gender identity"
"618","gender identity : beyond pronouns and bathrooms"
"619","gender identity : the
 search for self"
"620","gender identity : the
 ultimate teen guide"
"621","gender identity (teen mental health)"
"622","gender identity: beyond pronouns and bathrooms"
"623","gender identity: the search for self"
"624","gender identity: the ultimate teen guide"
"625","gender issues"
"626","gender issues (living with a special need)"
"627","gender queer"
"628","gender queer: a memoir"
"629","genesis begins again"
"630","geography club"
"631","geography club (russel middlebrook series)"
"632","george"
"633","george v george: the american revolution as seen from both sides"
"634","get up, stand up"
"635","getting it"
"636","ghost"
"637","ghost (track series)"
"638","ghost boys"
"639","ghost boys by jewell parker rhodes"
"640","ghosts don't ride bikes, do they? (desmond cole ghost patrol series)"
"641","ghosts in the schoolyard"
"642","ghosts in the schoolyard: racism and school closings on chicago's south side"
"643","ghouls just want to have fun (desmond cole ghost patrol series)"
"644","gifts from the gods: ancient words & wisdom from greek & roman mythology"
"645","gingerbread"
"646","gingerbread (cyd charisse series)"
"647","gino, alex"
"648","girl crushed"
"649","girl made of stars"
"650","girl mans up"
"651","girl, (nearly) 16: absolute torture"
"652","girl, nearly 16, absolute
 torture"
"653","girl, nearly 16, absolute torture"
"654","girl, woman, other: a novel"
"655","girls like us"
"656","girls like us (2015)"
"657","girls like us (2019)"
"658","girls vs. guys : surprising
 differences between the
 sexes"
"659","girls vs. guys : surprising differences between the sexes"
"660","girls vs. guys: surprising differences between the sexes"
"661","girls who code (series)"
"662","glass"
"663","glass (crank series)"
"664","glass castle"
"665","glbt teens and society"
"666","glbtq : the survival guide
 for gay, lesbian, bisexual,
 transgender, and
 questioning teens"
"667","glbtq : the survival guide for gay, lesbian, bisexual, transgender, and questioning teens"
"668","glbtq: the survival guide for gay, lesbian, bisexual, transgender, and questioning teens"
"669","glbtq*: the survival guide for queer & questioning teens"
"670","glitter"
"671","global citizenship: engage in the politics of a changing world"
"672","go ask alice"
"673","go with the flow"
"674","golden boy : a novel"
"675","gone girl"
"676","gone, gone, gone"
"677","good girl, bad blood"
"678","good trouble: lessons from the civil rights playbook"
"679","gordon parks: how the photographer captured black and white america"
"680","gossip girl: a novel by cecily von ziegesar"
"681","gossip girl: a novel by cecily von ziegesar (gossip girl series)"
"682","grace hopper: queen of computer code"
"683","gracefully grayson"
"684","graceling"
"685","graceling (graceling realm series)"
"686","grandpa cacao: a tale of chocolate from farm to family"
"687","grandpa cacao: a tale of chocolate, from farm to family"
"688","grasshopper jungle : a
 history"
"689","grasshopper jungle : a history"
"690","grasshopper jungle (grasshopper jungle series)"
"691","gravity"
"692","great"
"693","grl2grl"
"694","grl2grl: short fictions"
"695","ground zero: a novel of 9/11"
"696","grown in 60 seconds"
"697","guardian"
"698","guardian (proxy series)"
"699","h.i.v.e. : dreadnought"
"700","hair love"
"701","half of a yellow son"
"702","half of a yellow sun"
"703","handmaids tale graphic novel"
"704","hands up!"
"705","hang-ups, hook-ups, and
 holding out : stuff you need
 to know about your body,
 sex, and dating"
"706","hang-ups, hook-ups, and holding out : stuff you need to know about your body, sex, and dating"
"707","hang-ups, hook-ups, and holding out: stuff you need to know about your body, sex, and dating"
"708","hank's big day: the story of a bug"
"709","happy families"
"710","harlem's little blackbird: the story of florence mills"
"711","harlems little blackbird"
"712","harvesting hope"
"713","harvesting hope: the story of cesar chavez"
"714","hatchet"
"715","have i ever told you black lives matter"
"716","hear these voices"
"717","hear these voices: youth at the edge of the millennium"
"718","hear us out! : lesbian and
 gay stories of struggle,
 progress and hope, 1950 to
 the present"
"719","hear us out!: lesbian and gay stories of struggle, progress, and hope, 1950 to the present"
"720","hearts unbroken"
"721","heather has two mommies"
"722","heavy"
"723","heavy: an american memoir"
"724","hector's hiccups (sofía martínez series)"
"725","hello now"
"726","hello, i lied"
"727","henry aaron"
"728","henry's freedom box: a true story from the underground railroad"
"729","her royal highness"
"730","heroine"
"731","hey black child"
"732","hey kiddo"
"733","hey, charleston!"
"734","hey, charleston!: the true story of the jenkins orphanage band"
"735","hidden (house of night series)"
"736","hidden figures"
"737","hidden figures: the true story of four black women and the space race"
"738","high drama"
"739","high drama (suspended series)"
"740","highly illogical behavior"
"741","history is all you left me"
"742","ho'oamani: hula warrior"
"743","ho'onani : hula warrior"
"744","ho'onani: hula warrior"
"745","hold back the tide"
"746","hold me closer"
"747","hold me closer : the tiny
 cooper story"
"748","hold me closer : the tiny cooper story"
"749","hold me closer: the tiny cooper story (will grayson, will grayson series)"
"750","home and family relationships: rainbow families"
"751","home at last"
"752","home of the brave: 15 immigrants who shaped u.s. history"
"753","home of the brave: 15 immigrants who shaped us history"
"754","homegoing"
"755","homophobia : from social
 stigma to hate crimes"
"756","homophobia: from social stigma to hate crimes"
"757","homosexuality : opposing viewpoints"
"758","homosexuality around the
 world : safe havens,
 cultural challenges"
"759","homosexuality around the world: safe havens, cultural challenges"
"760","honestly ben"
"761","honestly ben (openly straight series)"
"762","hook up"
"763","hooked"
"764","hope and healing in urban education"
"765","hope and healing in urban education: how urban activists and teachers are reclaiming matters of the heart"
"766","hopping weird! (weirdo series)"
"767","hot day on abbott avenue"
"768","hot dog girl"
"769","house of earth and blood"
"770","house of furies"
"771","house of furies (house of furies series)"
"772","house of night"
"773","house of sky and breath"
"774","how (not) to ask a boy to
 prom"
"775","how beautiful we were: a novel"
"776","how i paid for college:"
"777","how i paid for college: a novel of sex, theft, friendship & musical theater (edward zanni series)"
"778","how it all blew up"
"779","how many stars in the sky"
"780","how many stars in the sky?"
"781","how not to ask a boy to prom"
"782","how prevalent is racism in
 society?"
"783","how prevalent is racism in society?"
"784","how to be ace: a memoir of growing up asexual"
"785","how to be an anti-racist"
"786","how to be an antiracist"
"787","how to love"
"788","how to love : a novel"
"789","how we fight white supremacy"
"790","hunger: a memoir"
"791","hunger: a memoir of (my) body"
"792","hunted (house of night series)"
"793","hurricane child"
"794","hurricane child by kheryn callender"
"795","i am a feminist: claiming the f-word in turbulent times"
"796","i am alfonso jones"
"797","i am enough"
"798","i am every good thing"
"799","i am human"
"800","i am human: a book of empathy (i am... series)"
"801","i am jazz"
"802","i am martin luther king jr"
"803","i am martin luther king, jr."
"804","i am not your perfect mexican daughter"
"805","i am rosa parks"
"806","i am who i am"
"807","i hope you're listening"
"808","i know why the caged bird sings"
"809","i love my hair"
"810","i never"
"811","i promise"
"812","i was here"
"813","i wish you all the best"
"814","i'll be the one"
"815","i'll give you the sun"
"816","i'm a gay wizard"
"817","i'm a girl"
"818","i'm a pretty little black girl!"
"819","i'm a pretty little girl"
"820","i'm bored"
"821","i'm not a girl"
"822","i'm sad"
"823","identical"
"824","identifying as transgender"
"825","identity : a story of
 transitioning"
"826","identity & gender"
"827","identity and gender"
"828","identity: a story of transitioning"
"829","if i was your girl"
"830","if wishes were horses"
"831","if you could be mine"
"832","if you're scared of the truth, don't read"
"833","ignite me"
"834","iguales, pero diferentes (same, same but different)"
"835","igualies, pero diferentes"
"836","image and identity :
 becoming the person you
 are"
"837","image and identity: becoming the person you are"
"838","imani's moon"
"839","imbeciles"
"840","imbeciles: the supreme court, american eugenics, and the sterilization of carrie buck"
"841","impulse"
"842","impulse (impulse series)"
"843","in other lands : a novel"
"844","in our mother's house"
"845","in our mothers' house"
"846","in the dream house"
"847","in the dreamhouse"
"848","in the role of brie hutchens
 . . ."
"849","in the role of brie hutchens . . ."
"850","in the role of brie hutchens..."
"851","in the time of butterflies"
"852","in the time of the butterflies"
"853","indestructible object"
"854","indian no more"
"855","infandous"
"856","infinity reaper (infinity cycle series)"
"857","infinity reaper, infinity cycle"
"858","infinity son"
"859","infinity son (infinity cycle series)"
"860","intersection allies"
"861","intersectionallies: we make room for all"
"862","into the real"
"863","into the wild"
"864","introducing teddy"
"865","introducing teddy: a gentle story about gender and friendship"
"866","invisible girl"
"867","invisible girl: a novel"
"868","invisible man got the whole world watching, a young black man’s education"
"869","invisible man, got the
 whole world watching : a
 young black man's
 education"
"870","invisible man, got the whole world watching: a young black man's education"
"871","islandborn"
"872","it feels good to be yourself"
"873","it feels good to be yourself -  a book about gender identity"
"874","it gets better: coming out, overcoming bullying, and creating a life worth living"
"875","it's not like it's a secret"
"876","it's not the stork! : a book
 about girls, boys, babies,
 bodies, families, and
 friends"
"877","it's not the stork!: a book about girls, boys, babies, bodies, families and friends"
"878","it's okay to be a unicorn"
"879","it's our prom (so deal with
 it)"
"880","it's our prom (so deal with it)"
"881","it's perfectly normal"
"882","it's perfectly normal : a book about changing bodies, growing up, sex, and sexual health"
"883","it's perfectly normal : a book about changing bodies, growing up, sex, and sexual health 1994 version"
"884","it's perfectly normal : a book about changing bodies, growing up, sex, and sexual health 2014 version"
"885","it's perfectly normal: changing bodies, growing up, sex, and sexual health"
"886","ivy aberdeen's letter to the
 world"
"887","ivy aberdeen's letter to the world"
"888","jabari jumps"
"889","jabari jumps (jabari series)"
"890","jack"
"891","jack (not jackie)"
"892","jack of hearts (and other parts)"
"893","jack of hearts and other parts"
"894","jacob's new dress"
"895","jacob's room to choose"
"896","jaden toussaint the greatest"
"897","jailbait"
"898","jane against the world :
 roe v. wade and the fight
 for reproductive rights"
"899","jane against the world : roe v. wade and the fight for reproductive rights"
"900","jane against the world: roe v. wade and the fight for reproductive rights"
"901","jane, unlimited"
"902","jasmine toguchi (series)"
"903","jasmine toguchi, drummer girl (jasmine toguchi series)"
"904","jasmine toguchi, flamingo keeper (jasmine toguchi series)"
"905","jasmine toguchi, mochi queen (jasmine toguchi series)"
"906","jasmine toguchi, super sleuth (jasmine toguchi series)"
"907","jaya and rasa"
"908","jaya and rasa: a love story"
"909","jess, chunk, and the road
 trip to infinity"
"910","jess, chunk, and the road trip to infinity"
"911","jesus land: a memoir"
"912","johnny appleseed"
"913","joshua and the city"
"914","journey of a pioneer"
"915","julián at the wedding"
"916","julián at the wedding (julián series)"
"917","julian is a mermaid"
"918","julián is a mermaid (julián series)"
"919","juliet takes a breath"
"920","jumping off swings (jumping off swings series)"
"921","jumpstart the world"
"922","just kill me"
"923","kaleidoscope song"
"924","katie.com"
"925","keena ford and the second grade mix up (keena ford series)"
"926","keena ford and the second grade mix-up"
"927","keeping you a secret"
"928","keeping you a secret : a
 novel"
"929","kids still having kids : talking about teen pregnancy"
"930","killing mr. griffin"
"931","king & kayla and the case of found fred (king & kayla series)"
"932","king & kayla and the case of the gold ring (king & kayla series)"
"933","king & kayla and the case of the lost library book (king & kayla series)"
"934","king & kayla and the case of the lost tooth (king & kayla series)"
"935","king & kayla and the case of the missing dog treats (king & kayla series)"
"936","king & kayla and the case of the mysterious mouse (king & kayla series)"
"937","king & kayla and the case of the secret code (king & kayla series)"
"938","king & kayla and the case of the unhappy neighbor (king & kayla series)"
"939","king and dragonflies"
"940","king and kayla (series)"
"941","king and the dragonflies"
"942","king of the dragon flies"
"943","kings, queens, and in betweens"
"944","kiss me kill me"
"945","kiss number 8"
"946","kiss the morning star"
"947","kissing kate"
"948","kite runner"
"949","knock knock: my dad's dream for me"
"950","l84 g84"
"951","l8r g8r"
"952","l8r, g8r"
"953","la carta de ivy aberdeen al
 mundo"
"954","la carta de ivy aberdeen al mundo/ivy aberdeen's letter to the world"
"955","la guia esencial sobre sexualidad adolescente : un manual indispensable para los adolescentes y padres"
"956","la tormenta"
"957","last night at the telegraph club"
"958","last stop on market street"
"959","late to the party"
"960","laura dean keeps breaking
 up with me"
"961","laura dean keeps breaking up with me"
"962","lawn boy"
"963","leah on the off beat"
"964","leah on the offbeat"
"965","leila in saffron"
"966","let me hear a rhyme"
"967","let the children march"
"968","let's talk about love"
"969","lexicon"
"970","lgbt families"
"971","lgbt families (changing families)"
"972","lgbtq families : the
 ultimate teen guide"
"973","lgbtq families: the ultimate teen guide"
"974","lgbtq+ athletes claim the
 field : striving for equality"
"975","lgbtq+ athletes claim the field : striving for equality"
"976","lies my girlfriend told me"
"977","life at school and in the
 community"
"978","life at school and in the community (teens: being gay, lesbian, bisexual, or transgender)"
"979","life in outer space"
"980","life is funny"
"981","lighter than my shadow"
"982","lights out (sofía martínez series)"
"983","lights, music, code! (girls who code series)"
"984","like a love story"
"985","like the moon loves the sky"
"986","like water"
"987","lily and dunkin"
"988","lily and hunkin"
"989","little & lion"
"990","little and lion"
"991","little leaders bold women in black history"
"992","little leaders: bold women in black history"
"993","little legends: exceptional men in black history"
"994","little melba and her big trombone"
"995","little people, big dreams maya angelo"
"996","living dead girl"
"997","living dead girl: a novel"
"998","living proud! coming out and seeking support"
"999","living proud! coming out and seeking support (living proud! growing up lgbtq)"
"1000","living with religion and
 faith"
"1001","living with religion and faith"
"1002","lizard radio"
"1003","lobizona"
"1004","lobizona: a novel (wolves of no world series)"
"1005","locked up for freedom"
"1006","locked up for freedom: civil rights protesters at the leesburg stockade"
"1007","lola at the library (lola series)"
"1008","lola at the library with mommy (lola series)"
"1009","lola gets a cat (lola series)"
"1010","lola goes to school (lola series)"
"1011","lola levine (series)"
"1012","lola levine and the ballet scheme (lola levine series)"
"1013","lola levine and the halloween scream (lola levine series)"
"1014","lola levine and the vacation dream (lola levine series)"
"1015","lola levine is not mean! (lola levine series)"
"1016","lola levine meets jelly and bean (lola levine series)"
"1017","lola levine: drama queen (lola levine series)"
"1018","lola loves stories (lola series)"
"1019","lola loves stories with daddy (lola series)"
"1020","lola plants a garden (lola series)"
"1021","lola reads (series)"
"1022","lola reads to leo (lola series)"
"1023","lola sleeps over (lola series)"
"1024","lolita"
"1025","long way down"
"1026","look both ways: a tale told in 10 blocks"
"1027","look both ways: a tale told in ten blocks"
"1028","look past"
"1029","looking for alaska"
"1030","looking for group"
"1031","lord of the flies"
"1032","los colores de nuestra pel"
"1033","los colores de nuestra piel/the colors of us (spanish version)"
"1034","losing the field"
"1035","losing the field (the field party series)"
"1036","losing the girl: book 1"
"1037","losing the girl: book 1 (life on earth)"
"1038","love & leftovers : a novel in verse"
"1039","love & sex: ten stories of truth"
"1040","love drugged"
"1041","love is the higher law"
"1042","love that dog"
"1043","love, creekwood a
 simonverse novella"
"1044","love, creekwood: a simonverse novella (simonverse series)"
"1045","love, hate, and other filters"
"1046","lovely"
"1047","lubna and pebble"
"1048","luciana"
"1049","luciana (nine months series)"
"1050","lucky"
"1051","lucky "
"1052","lucky broken girl"
"1053","lucy peale"
"1054","luicy peale"
"1055","luis munoz marin (community builders)"
"1056","lulu and duck in the park"
"1057","lulu and the duck in the park (lulu series)"
"1058","lush"
"1059","m or f: a novel"
"1060","m or f?"
"1061","mae among the stars"
"1062","magic to brew (moonstruck series)"
"1063","maiden & princess"
"1064","major monster mess (desmond cole ghost patrol series)"
"1065","making a play"
"1066","making a play (the field party series)"
"1067","mala yousafzai"
"1068","malala yousafzai (a true book: biographies)"
"1069","malala: my story of standing up for girls' rights"
"1070","malala's magic pencil"
"1071","mammy, mama and me"
"1072","mango, abuela and me"
"1073","mango, abuela, and me"
"1074","marco impossible"
"1075","marisol mcdonald doesn't match"
"1076","marisol mcdonald doesn't match (marisol mcdonald series)"
"1077","marked (house of night series)"
"1078","marriage of a thousand lies"
"1079","martin luther king jr. and the march on washington"
"1080","marvelous cornelius: hurricana katrina and the spirit of new orleans"
"1081","marvelous cornelius: hurricane katrina and the spirit of new orleans"
"1082","masked"
"1083","mastif"
"1084","mastiff (beka cooper series)"
"1085","maus"
"1086","maus 1: a survivor's tale: my father bleeds history"
"1087","maus 2"
"1088","maus i"
"1089","max and the tag-along moon"
"1090","maya angelou (little people, big dreams series)"
"1091","maybe he just likes you"
"1092","me and earl and the dying girl"
"1093","me and white supremacy"
"1094","me and white supremacy "
"1095","me and white supremacy: combat racism, change the world nad become a good ancestor"
"1096","me and white supremacy: combat racism, change the world, and become a good ancestor"
"1097","me early and the dying girl"
"1098","me, earl and the dying girl"
"1099","me, earl, and the dying girl"
"1100","meet cute"
"1101","meet cute: some people are destined to meet"
"1102","meet yasmin (series)"
"1103","meg & linus"
"1104","meg, jo, beth and amy"
"1105","mega weird! (weirdo series)"
"1106","melissa (george)"
"1107","melissa’s story (aka george) by alex gino"
"1108","messy weird! (weirdo series)"
"1109","mexican whiteboy"
"1110","michelle"
"1111","middle school's a drag :
 you better werk!"
"1112","middle school's a drag, you better werk!"
"1113","middle school's a drag: you better werk"
"1114","middlesex"
"1115","migration north"
"1116","miles away from you"
"1117","milk and honey"
"1118","milo imagines the world"
"1119","milo's museum"
"1120","mindy kim and the big pizza challenge (mindy kim series)"
"1121","mindy kim and the birthday puppy (mindy kim series)"
"1122","mindy kim and the fairy-tale wedding (mindy kim series)"
"1123","mindy kim and the lunar new year parade (mindy kim series)"
"1124","mindy kim and the trip to korea (mindy kim series)"
"1125","mindy kim and the yummy seaweed business (mindy kim series)"
"1126","mindy kim series"
"1127","mindy kim, class president (mindy kim series)"
"1128","mission star-power (jaden toussaint, the greatest series)"
"1129","mixed me"
"1130","mixed me!"
"1131","modern roman"
"1132","modern romance: an investigation"
"1133","mommy sayang: pixar animation studios artist showcase"
"1134","monday's aren't coming"
"1135","monday's not coming"
"1136","monday's not coming "
"1137","monster"
"1138","monster "
"1139","monster trouble"
"1140","monster trouble!"
"1141","moonstruck. vol. 1, magic
 to brew"
"1142","more happy than not"
"1143","more than a game : race,
 gender, and politics in
 sports"
"1144","more than a game : race, gender, and politics in sports"
"1145","more than a game: race, gender, and politics in sports"
"1146","more than we can tell"
"1147","morris micklewhite and the
 tangerine dress"
"1148","morris micklewhite and the tangerine dress"
"1149","mousetraps"
"1150","moxie"
"1151","mrs. katz and tush"
"1152","muffin wars (jaden toussaint, the greatest series)"
"1153","multiplication is for white people "
"1154","murder trending"
"1155","music from another world"
"1156","my awesome/awful popularity plan (justin goldblatt series)"
"1157","my awful popularity plan"
"1158","my best friend, maybe"
"1159","my book of life"
"1160","my book of life by angel"
"1161","my family adventure (sofía martínez series)"
"1162","my family plays music"
"1163","my fantástica family (sofía martínez series)"
"1164","my friend dahlmer"
"1165","my friend dahmer"
"1166","my friend maya loves to dance"
"1167","my girlfriend's pregnant! :
 a teen's guide to becoming
 a dad"
"1168","my girlfriend's pregnant!: a teen’s guide to becoming a dad"
"1169","my hair is a garden"
"1170","my heart underwater"
"1171","my invented life"
"1172","my life as a diamond"
"1173","my life as a rhombus"
"1174","my mixed-up berry blue
 summer"
"1175","my mixed-up berry blue summer"
"1176","my most excellent year : a
 novel of love, mary
 poppins, & fenway park"
"1177","my most excellent year : a novel of love, mary poppins, & fenway park"
"1178","my most excellent year: a novel of love, mary poppins, & fenway park"
"1179","my most excellent year: a novel of love, mary poppins, and fenway park"
"1180","my mother the cheerleader"
"1181","my name is celia: the life of celia cruz"
"1182","my name is celia: the life of celia cruz / me llamo celia: la vida de celia cruz"
"1183","my papi has a motocycle"
"1184","my papi has a motorcycle"
"1185","my rainbow"
"1186","my sister's keeper"
"1187","my two dads"
"1188","my two moms"
"1189","my vida loca (sofía martínez series)"
"1190","nagara, innosanto"
"1191","naomi and ely's no kiss list"
"1192","naomi and ely's no kiss list : a novel"
"1193","naomi and ely's no kiss list: a novel"
"1194","narrative of the life of frederick douglass"
"1195","nate expectations"
"1196","neanderthal opens the door to the universe"
"1197","neanderthal opens the door to the university"
"1198","nelson beats the odds"
"1199","nelson mandela"
"1200","nelson mandelal"
"1201","nevertheless we persisted: 48 voices of defiance, strength, and courage"
"1202","new kid"
"1203","nickel and dimed"
"1204","night"
"1205","night of the zombie zookeeper (desmond cole ghost patrol series)"
"1206","nikki & deja (nikki & deja series)"
"1207","nikki and deja"
"1208","nineteen minutes"
"1209","nino wrestles the world"
"1210","niño wrestles the world (niño series)"
"1211","ninth ward"
"1212","ninth ward (the louisiana girls trilogy series)"
"1213","no girls allowed: tales of
 daring women dressed as
 men for love, freedom and
 adventure"
"1214","no girls allowed: tales of daring women dressed as men for love, freedom and adventure"
"1215","no mirrors in my nana's house"
"1216","no mirrors in my nana's house: musical cd and book"
"1217","no more excuses: dismantling rape culture"
"1218","no one knows about you"
"1219","noah chases the wind"
"1220","none of the above"
"1221","normal people"
"1222","normal poeple"
"1223","not light, but fire"
"1224","not light, but fire: how to lead meaningful race conversations in the classroom"
"1225","not my idea : a book about
 whiteness"
"1226","not my idea : a book about whiteness"
"1227","not my idea a book about whiteness"
"1228","not my idea: a book about white ness"
"1229","not my idea: a book about whiteness (ordinary terrible things series)"
"1230","not my idea: a book about whiteness”"
"1231","not my problem"
"1232","not norman: a goldfish story"
"1233","not otherwise specified"
"1234","not quite snow white"
"1235","notes from the blender"
"1236","nothing stopped sophie: the story of unshakable mathematician sophie germain"
"1237","now museum, now you don't (desmond cole ghost patrol series)"
"1238","now that we are men"
"1239","nowhere girls"
"1240","october mourning : a song
 for matthew shepard"
"1241","october mourning : a song for matthew shepard"
"1242","october mourning: a song for matthew shepard"
"1243","odd one out"
"1244","of fire and stars"
"1245","of fire and stars (of fire and stars series)"
"1246","of ice and shadows"
"1247","of ice and shadows (of fire and stars series)"
"1248","of mice and men"
"1249","on the bright side, i'm not the girlfriend of a sex god"
"1250","on the bright side, i'm now the girlfriend of a sex god"
"1251","on the come up"
"1252","on the come up : a novel,
 based on a true story"
"1253","on the come up: a novel, based on a true story"
"1254","once and future"
"1255","one green apple"
"1256","one half from the east"
"1257","one hot second: stories about desire"
"1258","one man guy"
"1259","one of those hideous
 books where the mother
 dies"
"1260","one of those hideous books where the mother dies"
"1261","one true way"
"1262","openly straight"
"1263","openly straight (openly straight series)"
"1264","optimists die first"
"1265","ordinary hazards"
"1266","ordinary hazards: a
 memoir"
"1267","ordinary hazards: a memoir"
"1268","orphea proud"
"1269","our class is a family"
"1270","our favorite african adrinkra symbols: a coloring book"
"1271","our own private universe"
"1272","our skin: a first conversation about race"
"1273","out now: queer we go again"
"1274","out of darkness"
"1275","out of the easy"
"1276","outlander"
"1277","panic"
"1278","pants project"
"1279","parachutes"
"1280","parrotfish"
"1281","past and other things that should stay buried, the"
"1282","patina"
"1283","patina (track series)"
"1284","peaceful fights for eqaual rights"
"1285","peaceful fights for equal rights"
"1286","peanut goes for gold"
"1287","peanut goes for the gold"
"1288","pearl"
"1289","pedagogy of the oppressed"
"1290","peeny butter fudge"
"1291","peks of being a wallflower"
"1292","pele, king of soccer/pele, el rey del futbol: bilingual spanish-english"
"1293","pele: the kind of soccer"
"1294","people kill people"
"1295","perfect"
"1296","perfect (impulse series)"
"1297","perfect chemistry"
"1298","perfect chemistry (perfect chemistry series)"
"1299","perfectly good white boy"
"1300","perfectly normal"
"1301","persepolis"
"1302","persepolis: the story of a childhood"
"1303","pet"
"1304","peter pan"
"1305","phoenix goes to school"
"1306","phoenix goes to school: a story to support transgender and gender diverse children"
"1307","picture perfect (sofía martínez series)"
"1308","piecing me together"
"1309","pink"
"1310","pink is for boys"
"1311","planet oman (series)"
"1312","planet omar: accidental trouble magnet (planet omar series)"
"1313","planet omar: epic hero flop (planet omar series)"
"1314","planet omar: incredible rescue mission (planet omar series)"
"1315","planet omar: unexpected super spy (planet omar series)"
"1316","planet weird (weirdo series)"
"1317","playing a part"
"1318","playing the field"
"1319","playing the field : a novel"
"1320","political resistance in the current age"
"1321","political resistence in the current age"
"1322","pride : celebrating diversity
 & community"
"1323","pride : the story of harvey
 milk and the rainbow flag"
"1324","pride : the story of harvey milk and the rainbow flag"
"1325","pride: celebrating diversity & community"
"1326","pride: the story of harvey milk and the rainbow flag"
"1327","pride: the story of harvey milk and the rainbow flag by rob sanders"
"1328","pride: the storyo f harvey milk and the rainbow flag"
"1329","prince & knight"
"1330","prince & knight (prince & knight series)"
"1331","princess princess every after"
"1332","privacy"
"1333","promoting racial literacy in schools"
"1334","promoting racial literacy in schools: differences that make a difference"
"1335","promposal"
"1336","prostitution"
"1337","protect and defend : a
 novel"
"1338","protect and defend (kerry kilcannon series)"
"1339","protest movements: then and now"
"1340","protest movements: then and now by eric braun"
"1341","proxy"
"1342","proxy (proxy series)"
"1343","pulp"
"1344","push"
"1345","pushing up the sky: native american plays for children"
"1346","pushout"
"1347","pushout: the criminalization of black girls in schools"
"1348","putting makeup on the fat
 boy"
"1349","putting makeup on the fat boy"
"1350","queer - the ultimate lgbt guide for teens"
"1351","queer heroes"
"1352","queer there and everywhere"
"1353","queer, there and everywhere"
"1354","queer, there and everywhere : 23 people who changed the world"
"1355","queer, there and everywhere: 23 people who changed the world"
"1356","queer, there, and everywhere: 23 people who changed the world"
"1357","queer: the ultimate lgbtq guide for teens"
"1358","rabbit is rich "
"1359","race cars"
"1360","radiant child and the undefeated"
"1361","radiant child: the story of young artist jean-micel basquiat "
"1362","radiant child: the story of young artist jean-michel basquiat"
"1363","rage : a love story"
"1364","rage: a love story"
"1365","rainbow boys"
"1366","rainbow boys (rainbow trilogy series)"
"1367","rainbow high"
"1368","rainbow high (rainbow trilogy series)"
"1369","rainbow revolutionaries"
"1370","rainbow revolutionaries :
 50 lgbtq+ people who
 made history"
"1371","rainbow revolutionaries : 50 lgbtq+ people who made history"
"1372","rainbow revolutionaries: fifty lgbtq+ people who made history"
"1373","rainbow revolutions :
 power, pride, and protest
 in the fight for queer rights"
"1374","rainbow revolutions : power, pride, and protest in the fight for queer rights"
"1375","rainbow revolutions: power, pride and protest in the fight for queer rights"
"1376","rainbow road"
"1377","rainbow road (rainbow trilogy series)"
"1378","raise the stakes"
"1379","ramadan around the world"
"1380","ramee, lisa moore"
"1381","rap a tap tap"
"1382","rap a tap tap here's bojangles - think of that"
"1383","rap a tap tap: here's bojangles - think of that!"
"1384","rape on campus"
"1385","read between the lines"
"1386","read the world: rethinking literacy for empathy and action in a digital age"
"1387","ready of not"
"1388","ready or not"
"1389","ready or not (all-american girl series)"
"1390","ready or not? : a girl's
 guide to making her own
 decisions about dating,
 love, and sex"
"1391","ready or not? a girl's guide to making her own decisions about dating, love and sex"
"1392","ready or not?: a girl's guide to making her own decisions about dating, love, and sex"
"1393","real live boyfriends"
"1394","real live boyfriends: yes boyfriends, plural, if my life weren't complicated i wouldn't be rudy oliver"
"1395","real live boyfriends: yes. boyfriends, plural. if my life weren't complicated, i wouldn't be ruby oliver"
"1396","really weird! (weirdo series)"
"1397","red at the bone"
"1398","red hood"
"1399","red kite, blue kite"
"1400","red scrolls of magic, the (e-book)"
"1401","red, a crayon's story"
"1402","redeemed (house of night series)"
"1403","redwood and ponytail"
"1404","refugee"
"1405","reluctantly alice"
"1406","reluctantly alice (alice series)"
"1407","remake"
"1408","remake (remake series)"
"1409","reparations yes! the legal and poliitical reasons why new afrikaans, black people in the united states should be paid for now for the enslavement of our"
"1410","reparations, yes!: the legal and political reasons why new afrikans, black people in north america, should be paid now for the enslavement of our ancestors"
"1411","rethinking normal : a
 memoir in transition"
"1412","rethinking normal: a memoir in transition"
"1413","revealed (house of night series)"
"1414","reverie"
"1415","rick"
"1416","rift"
"1417","rift (nightshade prequel series)"
"1418","roe v wade"
"1419","roe v. wade : a women's choice?"
"1420","roe v. wade : the untold story of the landmark supreme court decision that made abortion legal"
"1421","roe v. wade: a woman's choice?"
"1422","roe v. wade: a women's choice"
"1423","roe v. wade: the untold story of the landmark supreme court decision that made abortion legal"
"1424","ruby and the booker boys (series)"
"1425","ruby bridges goes to school: my true story"
"1426","ruby flips for attention (ruby and the booker boys series)"
"1427","rumble"
"1428","safe"
"1429","safe sex 101 : an overview
 for teens"
"1430","safe sex 101 : an overview for teens"
"1431","safe sex 101: an overview for teens"
"1432","saga"
"1433","saga, volume 1 (saga series)"
"1434","salvage the bones"
"1435","same, same but different"
"1436","satanism"
"1437","satanism (at issue)"
"1438","saturday"
"1439","saturdays with hitchcock"
"1440","saving ruby king"
"1441","say something"
"1442","say the word"
"1443","scars"
"1444","scary stories to tell in the dark"
"1445","sea horse: the shyest fish in the sea"
"1446","see you at harry's"
"1447","seedfolks"
"1448","seeing gender"
"1449","separate is never equal"
"1450","separate is never equal: sylvia mendez and her family's fight for desegregation"
"1451","separate is never equal: sylvia mendez and her family’s fight for desegregation"
"1452","separate is never euqal"
"1453","sex"
"1454","sex : if you're scared of the
 truth don't read this! :
 straight talk from a former
 u.s. marine"
"1455","sex & violence"
"1456","sex is a funny word"
"1457","sex plus: learning, loving and enjoying your body"
"1458","sex second edition: the all-you-need-to_know sexually guide"
"1459","sex, puberty, and all that
 stuff : a guide to growing
 up"
"1460","sex, puberty, and all that stuff : a guide to growing up"
"1461","sex, puberty, and all that stuff: a guide to growing up"
"1462","sex: a book for teens"
"1463","sex: if you're scared of the truth don't read this!"
"1464","sexual behavior and unplanned pregnancy"
"1465","shades of people"
"1466","shark attack!"
"1467","she loves you, she loves
 you not-- : a novel"
"1468","she loves you, she loves you not-- : a novel"
"1469","she loves you, she loves you not..."
"1470","shine"
"1471","shining legacy: a treasury of ""storypoems and tales for the young so black heroes forever will be sung"""
"1472","shining legacy: a treasury of storypoems and tales for the young so black heroes forever will be sung"
"1473","ship it"
"1474","shirley jackson's ""the lottery"": the authorized graphic adaptation"
"1475","shirley jackson's the lottery the authorized graphic adaptation"
"1476","shopping trip trouble (sofía martínez series)"
"1477","should abortion be legal?"
"1478","should teens have access
 to birth control?"
"1479","should teens have access to birth control?"
"1480","shout"
"1481","simon vs. the homo
 sapiens agenda"
"1482","simon vs. the homo sapiens agenda"
"1483","simon vs. the homo sapiens agenda (simonverse series)"
"1484","simon vs. the homosapiens agenda"
"1485","sin eater's confession, the"
"1486","sing a song"
"1487","sing a song: how ""lift every voice and sing"" inspired generations"
"1488","singing superstar (sofía martínez series)"
"1489","sister mischief"
"1490","sisters/hermanas"
"1491","sisters=hermanas"
"1492","skin like mine"
"1493","skin like mine (kids like mine series)"
"1494","skippyjon jones"
"1495","slaughterhouse five"
"1496","slaughterhouse-five"
"1497","sloppy firsts"
"1498","slumber party payback (ruby and the booker boys series)"
"1499","smoke"
"1500","smoke (burned series)"
"1501","smoky night"
"1502","so far from the bamboo grove"
"1503","so hard to say"
"1504","so you want to talk about
 race"
"1505","so you want to talk about race"
"1506","so you're being publicly shamed"
"1507","sofia valdez, future prez"
"1508","sofia valdez, future prez (questioneers picture books series)"
"1509","sofia's party shoes (sofía martínez series)"
"1510","sold"
"1511","solo pregunta"
"1512","some assembly required :
 the not-so-secret life of a
 transgender teen"
"1513","some assembly required : the not-so-secret life of a transgender teen"
"1514","some assembly required: the not-so-secret life of a transgender teen"
"1515","some girls bind"
"1516","someone i used to know"
"1517","something happened in our town"
"1518","something like gravity"
"1519","something must be wrong with me: a boy's book about sexual abuse"
"1520","sonia sotomayor: a judge grows in the bronx/la juez que creció en el bronx"
"1521","sonia sotomayor: a judge grows in the brox"
"1522","sonny's house of spies"
"1523","sophia martinez series"
"1524","sorted"
"1525","sorted: growing up, coming out, and finding my place"
"1526","sovereign"
"1527","sparkle boy"
"1528","speak"
"1529","speaking out: queer youth in focus"
"1530","spinning"
"1531","spinning (graphic)"
"1532","spinning weird (weirdo series)"
"1533","splashy weird! (weirdo series)"
"1534","spooky weird! (weirdo series)"
"1535","spotlight on coding club! (girls who code series)"
"1536","squanto's journey: the story of the first thanksgiving"
"1537","squeak, rumble, whomp! whomp! whomp!: a sonic adventure"
"1538","squeak, rumble, womp! whomp! whomp!"
"1539","stage dreams"
"1540","stained"
"1541","stalla diaz has something to say"
"1542","stamped"
"1543","stamped (for kids): racism, anti-racism and you"
"1544","stamped for kids: racism, antiracism and you"
"1545","stamped from the
 beginning : the definitive
 history of racist ideas in
 america"
"1546","stamped from the beginning"
"1547","stamped from the beginning : the definitive history of racist ideas in america"
"1548","stamped from the beginning: the definitive history of racist ideas in america"
"1549","stamped: racism, antiracism and you"
"1550","stamped: racism, antiracism, and you"
"1551","star-crossed"
"1552","starry messenger"
"1553","starstruck: the cosmic journey of neil degrasse tyson"
"1554","starstruck: the cosmis journey of neil degrasse-tyson"
"1555","staying fat for sarah byrnes"
"1556","stella díaz has something to say (stella díaz series)"
"1557","stick"
"1558","sticks and scones"
"1559","strange fruit"
"1560","strange fruit: why both sides are wrong in the race debate"
"1561","striving for equality: lgbtq athletes claim the field"
"1562","subtractive schooling"
"1563","subtractive schooling: u.s.-mexican youth and the politics of caring"
"1564","suicide notes"
"1565","suicide notes : a novel"
"1566","suicide notes from beautiful girls"
"1567","sulwe"
"1568","super weird! (weirdo series)"
"1569","surf's up, creepy stuff! (desmond cole ghost patrol series)"
"1570","symptoms of being human"
"1571","synchro boy"
"1572","taking responsibility : a
 teen's guide to
 contraception and
 pregnancy"
"1573","taking responsibility: a teen's guide to contraception and pregnancy"
"1574","talking to strangers"
"1575","tameka's new dress"
"1576","target"
"1577","tasty weird! (weirdo series)"
"1578","tattoo atlas"
"1579","teach us your name: empowering children to teach others to pronounce their names correctly"
"1580","teaching to trangress"
"1581","teaching to transgress: education as the practice of freedom"
"1582","teaching truly"
"1583","teaching truly: a curriculum to indigenize mainstream education"
"1584","team bff: race to the finish! (girls who code series)"
"1585","teen legal rights"
"1586","teen pregnancy"
"1587","teenage sex and pregnancy"
"1588","teens & sex"
"1589","teens and gender
 dysphoria"
"1590","teens and gender dysphoria"
"1591","tell me again how a crush
 should feel"
"1592","tell me again how a crush should feel"
"1593","tell teach us your name"
"1594","tempted (house of night series)"
"1595","tessa masterson will go to
 prom"
"1596","tessa masterson will go to prom"
"1597","thank you omu"
"1598","thank you, omu!"
"1599","thanks a lot universe"
"1600","thanks a lot, universe"
"1601","thanksgiving day"
"1602","the 5 o'clock band"
"1603","the 57 bus"
"1604","the 57 bus: a true story of two teenagers and teh crime that changed their lives"
"1605","the 57 bus: a true story of two teenagers and the crime that changed their lives"
"1606","the abortion controversy"
"1607","the abortion debate"
"1608","the abortion debate :
 understanding the issues"
"1609","the abortion debate (essential viewpoints)"
"1610","the abortion debate: understanding the issues (issues in focus today)"
"1611","the absolute diary of a part-time indian"
"1612","the absolutely true diary of a part time indian"
"1613","the absolutely true diary of a part-time indian"
"1614","the accidental adventures
 of india mcallister"
"1615","the accidental adventures of india mcallister"
"1616","the arabic quilt"
"1617","the arabic quilt: an immigrant story"
"1618","the art of being normal"
"1619","the art of critical pedagogy"
"1620","the art of critical pedagogy: possibilities for moving from theory to practice in urban schools"
"1621","the art of dancing in the rain"
"1622","the art of racing in the rain"
"1623","the art of saving the world"
"1624","the baby tree"
"1625","the baby tree by sophie blackall"
"1626","the babysitters club: boy crazy stacey"
"1627","the bad guys in one"
"1628","the beach trip (sofía martínez series)"
"1629","the beginning of everything"
"1630","the bell jar"
"1631","the benefits of being an octopus"
"1632","the berlin boxing club"
"1633","the best at it"
"1634","the best laid plans"
"1635","the best man"
"1636","the bible"
"1637","the big questions book of sex and consent"
"1638","the birds, the bees, and
 you and me"
"1639","the birds, the bees, and you and me"
"1640","the black flamingo"
"1641","the black friend"
"1642","the black friend: on being a better white person"
"1643","the black kids"
"1644","the blood countess"
"1645","the blood countess (lady slayers series)"
"1646","the blues eye"
"1647","the bluest eye"
"1648","the book itch: freedom, truth & harlem's greatest bookstore"
"1649","the book itch: freedom, truth and harlem's greatest books stoire"
"1650","the book of unknown americans"
"1651","the boy i love"
"1652","the boy who didn't believe in spring"
"1653","the breakaways"
"1654","the bridge"
"1655","the buffalo are back"
"1656","the butterfly"
"1657","the carnival at bray"
"1658","the carnival at the bray"
"1659","the case for living"
"1660","the case for loving: the fight for interracial marriage"
"1661","the cellar"
"1662","the christmas pig"
"1663","the cider house rules"
"1664","the circle"
"1665","the color purple"
"1666","the colors of us"
"1667","the confessions of nat
 turner"
"1668","the confessions of nat turner"
"1669","the courage to be yourself : true stories by teens about cliques, conflicts, and overcoming peer pressure"
"1670","the court of mist and fury"
"1671","the court of silver flames"
"1672","the curious incident of the dog in the night-time"
"1673","the cutting room floor"
"1674","the dark descent of elizabeth frankenstein"
"1675","the dateable rules: a guide to the sexes"
"1676","the day you begin"
"1677","the deaf musicians"
"1678","the dear musicians"
"1679","the dear one"
"1680","the deep & dark blue"
"1681","the deepest breath"
"1682","the deepest breath by meg grehen"
"1683","the devouring gray"
"1684","the devouring gray (the devouring gray series)"
"1685","the difference between
 you and me"
"1686","the difference between you and me"
"1687","the doctor with an eye for eyes: the storey of dr. patricia bath"
"1688","the doctor with an eye for eyes: the story of dr. patricia bath"
"1689","the downstairs girl"
"1690","the dreamkeepers: successful teachers of african american children"
"1691","the edge of the abyss"
"1692","the edge of the abyss (the abyss surrounds us series)"
"1693","the edge of the water"
"1694","the edge of the water (whidbey island saga series)"
"1695","the exact opposite of okay"
"1696","the exact opposite of okay (izzy o'neill series)"
"1697","the facts speak for themselves"
"1698","the family book"
"1699","the family fletcher takes rock island"
"1700","the field guide to the north american teenager"
"1701","the fight"
"1702","the fight (surviving southside series)"
"1703","the fire never goes out : a
 memoir in pictures"
"1704","the fire never goes out: a memoir in pictures"
"1705","the five stages of andrew
 brawley"
"1706","the five stages of andrew brawley"
"1707","the friendship code (girls who code series)"
"1708","the gale encyclopedia of medicine"
"1709","the gallery of unfinished
 girls"
"1710","the gallery of unfinished girls"
"1711","the gay liberation movement: before and after stonewal"
"1712","the gender quest workbook: a guide for teens and young adults exploring gender identity"
"1713","the girl guide"
"1714","the girl who fell from the sky"
"1715","the girl with a mind for math: the story of raye montague"
"1716","the girls i've been"
"1717","the glass castle"
"1718","the god of small things"
"1719","the gods of tango"
"1720","the gravity of us"
"1721","the great american
 whatever"
"1722","the great american whatever"
"1723","the grief keeper"
"1724","the guide for white women who teach black boys"
"1725","the handmaid's tale"
"1726","the handmaid's tale graphic novel "
"1727","the handmaid's tale the graphic novel"
"1728","the handmaid's tale: the
 graphic novel"
"1729","the handmaid's tale: the graphic novel"
"1730","the handmaide's tale"
"1731","the handsome girl & her beautiful boy"
"1732","the handsome girl and her beautiful boy"
"1733","the hate u give"
"1734","the haters"
"1735","the haunted house next door (desmond cole ghost patrol series)"
"1736","the hiding place: the triumphant true story of corrie ten boom"
"1737","the holy bible"
"1738","the hookup artist"
"1739","the hope chest"
"1740","the house of the spirits"
"1741","the house on mango street"
"1742","the house you pass on the
 way"
"1743","the house you pass on the way"
"1744","the hula-hoopin queen"
"1745","the hula-hoopin' queen"
"1746","the importance of being wilde at heart"
"1747","the incredible magic of being"
"1748","the infinite moment of us"
"1749","the infinitive moment of us"
"1750","the inside of out"
"1751","the invisible life of addie la rue"
"1752","the invisible life of addie larue"
"1753","the kingdom of little wounds"
"1754","the kite runner"
"1755","the ladek invasion (jaden toussaint, the greatest series)"
"1756","the last exit to normal"
"1757","the last man"
"1758","the last night at the telegraph club"
"1759","the last time i wore a dress"
"1760","the last to let go"
"1761","the less-dead"
"1762","the lgbt community"
"1763","the list of things that will not change"
"1764","the little library"
"1765","the love & lies of rukhsana
 ali"
"1766","the love & lies of rukhsana ali"
"1767","the love and lies of rukhsana ali"
"1768","the love curse of melody
 mcintyre"
"1769","the love curse of melody mcintyre"
"1770","the love interest"
"1771","the lovely bones"
"1772","the magic fish"
"1773","the magic misfits series"
"1774","the magical yet"
"1775","the marigold mess (sofía martínez series)"
"1776","the meaning of birds"
"1777","the midnight lie"
"1778","the midnight lie (forgotten gods series)"
"1779","the mighty heart of sunny
 st. james"
"1780","the mighty heart of sunny st. james"
"1781","the migration north"
"1782","the miseducation of
 cameron post"
"1783","the miseducation of cameron post"
"1784","the missing mouse (sofía martínez series)"
"1785","the moon within"
"1786","the music of what happens"
"1787","the name jar"
"1788","the nerdy and the dirty"
"1789","the new jim crow "
"1790","the new jim crow : mass
 incarceration in the age of
 colorblindness"
"1791","the new jim crow : mass incarceration in the age of colorblindness"
"1792","the new jim crow: mass incarceration in the age of colorblindness"
"1793","the nowhere girls"
"1794","the opposite of innocent"
"1795","the other boy"
"1796","the other side"
"1797","the other talk: reckoning with our white privilege"
"1798","the outsiders"
"1799","the pants project"
"1800","the parker inheritance"
"1801","the past and other things
 that should stay buried"
"1802","the past and other things that should stay buried"
"1803","the peacock among pigeons"
"1804","the people shall continue"
"1805","the perks of being a wallflower"
"1806","the poet x"
"1807","the polar bear explorers' club"
"1808","the power of one every act of kindness counts"
"1809","the power of one: every act of kindness counts"
"1810","the prince and the dressmaker"
"1811","the proudest blue: a story of hijab and family"
"1812","the purim superhero"
"1813","the quest for screen time (jaden toussaint, the greatest series)"
"1814","the questions within"
"1815","the questions within (cutting edge series)"
"1816","the rape of nanking"
"1817","the rape of the nanking"
"1818","the realm of possibility"
"1819","the red scrolls of magic"
"1820","the revised fundamentals of caregiving: a novel"
"1821","the river between us"
"1822","the road to serfdom"
"1823","the rough-face girl"
"1824","the scary library shusher (desmond cole ghost patrol series)"
"1825","the scottsboro boys"
"1826","the secret recipe (sofía martínez series)"
"1827","the ship we built"
"1828","the sin eater's confession"
"1829","the sin eaters confession"
"1830","the sin-eater's confession"
"1831","the skin you live in"
"1832","the sleepwalking snowman (desmond cole ghost patrol series)"
"1833","the stars & their blackness between them"
"1834","the stars and the blackness
 between them"
"1835","the stars and the blackness between them"
"1836","the state of us"
"1837","the stonekeeper: a graphic novel"
"1838","the stonewall riots: coming out in the street"
"1839","the storm in the barn"
"1840","the story of harvey milk and the rainbow flag"
"1841","the story of johnny appleseed"
"1842","the story of rap"
"1843","the story of ruby bridges"
"1844","the summer of jordi perez
 (and the best burger in los
 angeles)"
"1845","the summer of jordi perez (and the best burger in los angeles)"
"1846","the sunday outing"
"1847","the sweet revenge of celia
 door"
"1848","the sweet revenge of celia door"
"1849","the teenage body book"
"1850","the teenage body book "
"1851","the tenth circle"
"1852","the test"
"1853","the test (bluford high series)"
"1854","the testaments"
"1855","the things they carried"
"1856","the traitor game"
"1857","the trouble with black boys"
"1858","the trouble with black boys: and other reflections on race, equity, and the future of public education"
"1859","the truth about alice"
"1860","the truth about alice: a novel"
"1861","the truth about keeping
 secrets"
"1862","the truth about keeping secrets"
"1863","the truth is"
"1864","the ultimate guys' body
 book : not-so-stupid
 questions about your body"
"1865","the ultimate guys' body book: not-so-stupid questions about your body"
"1866","the undefeated"
"1867","the underground girls of
 kabul : in search of a
 hidden resistance in
 afghanistan"
"1868","the underground girls of kabul: in search of a hidden resistance in afghanistan"
"1869","the upside of unrequited"
"1870","the upside of unrequited (simonverse series)"
"1871","the vampire academy"
"1872","the vampire ate my homework (desmond cole ghost patrol series)"
"1873","the vast fields of ordinary"
"1874","the vincent boys"
"1875","the vincent boys (the vincent boys series)"
"1876","the vincent brothers"
"1877","the vincent brothers (the vincent boys series)"
"1878","the war outside"
"1879","the way back"
"1880","the way i used to be"
"1881","the what's happening to my body? book for boys"
"1882","the what's happening to my body? book for girls : a growing-up guide for parents and daughters"
"1883","the whispers"
"1884","the witch boy"
"1885","the witch boy (the witch boy series)"
"1886","the witch boy #1"
"1887","the year of the book (anna wang series)"
"1888","the year they burned the
 books"
"1889","the year they burned the books"
"1890","the you i've never known"
"1891","their eyes were watching god"
"1892","then again, maybe i won't"
"1893","theuy called us enemy"
"1894","they both die at the end"
"1895","they called me red"
"1896","they called themselves the
 k.k.k. : the birth of an
 american terrorist group"
"1897","they called themselves the k.k.k. : the birth of an american terrorist group"
"1898","they called themselves the k.k.k.: the birth of an american terrorist group"
"1899","they called themselves the kkk: the birth of an american terrorist group"
"1900","they called us enemy"
"1901","they, she he easy as abc"
"1902","they, she, he easy as abc"
"1903","thie book is gay"
"1904","things fall apart"
"1905","things that make white
 people uncomfortable :
 adapted for young adults"
"1906","things that make white people uncomfortable (adapted for young adults)"
"1907","thirteen reasons"
"1908","thirteen reasons why"
"1909","this book is anti racist"
"1910","this book is anti-racist"
"1911","this book is anti-racist : 20
 lessons on how to wake up,
 take action, and do the
 work"
"1912","this book is anti-racist : 20 lessons on how to wake up, take action, and do the work"
"1913","this book is anti-racist: 20 lessons on how to wake up, take action, and do the work"
"1914","this book is gay"
"1915","this day in june"
"1916","this is kind of an epic love
 story"
"1917","this is kind of an epic love story"
"1918","this is my america"
"1919","this is your time"
"1920","this one summer"
"1921","those shoes"
"1922","three little words: a memoir"
"1923","throne of glass"
"1924","thunder rolling in the mountains"
"1925","tilt"
"1926","tips on having a gay (ex)
 boyfriend"
"1927","tips on having a gay (ex) boyfriend"
"1928","tips on having a gay (ex) boyfriend (belle series)"
"1929","tito puente - mamob king / rey del mambo"
"1930","tito puente, mambo king/tito puente, rey del mambo"
"1931","to all the boys i've loved before"
"1932","to kill a mockingbird"
"1933","to night owl from dogfish"
"1934","todos los colores de nuestra pel"
"1935","tom boy: a graphic memoir"
"1936","tomboy : a graphic memoir"
"1937","tomboy: a graphic memoir"
"1938","tomorrow will be different
 : love, loss, and the fight
 for trans equality"
"1939","tomorrow will be different : love, loss, and the fight for trans equality"
"1940","tomorrow will be different: love, loss, and the fight for trans equality"
"1941","too many tamales"
"1942","totally joe"
"1943","totally joe (the misfits series)"
"1944","totally weird! (weirdo series)"
"1945","touching spirit bear"
"1946","tower of dawn"
"1947","traffick"
"1948","traffick (tricks series)"
"1949","trail of crumbs"
"1950","trails of crumbs"
"1951","trans +"
"1952","trans mission : my quest to
 a beard"
"1953","trans mission : my quest to a beard"
"1954","trans mission: my quest to a beard"
"1955","trans+: love, sex, romance and being you"
"1956","transformative ethnic studies in schools"
"1957","transformative ethnic studies in schools: curriculum, pedagogy, and research"
"1958","transgender rights and
 issues"
"1959","transgender rights and issues"
"1960","transgender rights and protection"
"1961","transgender rights and protections"
"1962","triangles"
"1963","tricks"
"1964","tricks (tricks series)"
"1965","trivia queen, 3rd grade supreme (ruby and the booker boys series)"
"1966","trombone shorty"
"1967","trombone shorty - illustrated autobiography"
"1968","ttfn"
"1969","ttfn (internet girls series)"
"1970","ttyl"
"1971","ttyl (internet girls series)"
"1972","turtles all the way down"
"1973","two boys kissing"
"1974","two dads: a book about adopton"
"1975","two parties, one tux, and a
 very short film about the
 grapes of wrath"
"1976","two parties, one tux, and a very short film about the grapes of wrath"
"1977","uglies"
"1978","uncle bobby's wedding"
"1979","undefeated"
"1980","under my hijab"
"1981","under the lights"
"1982","under the lights (the field party series)"
"1983","under threat"
"1984","underneath it all : a history
 of women's underwear"
"1985","underneath it all: a history of women's underwear"
"1986","understanding gender"
"1987","understanding greek myths"
"1988","understanding sexual orientation and gender identity – two different books with same title"
"1989","understanding sexuality"
"1990","unleaving"
"1991","unpregnant"
"1992","unravel me (shatter me book 2)"
"1993","untamed (house of night series)"
"1994","until friday night"
"1995","until friday night (the field party series)"
"1996","until the end"
"1997","until the end (sea breeze series)"
"1998","up, up, down!"
"1999","up! up! down!"
"2000","v for vendetta"
"2001","vamanos! let's go (wheels on the bus)"
"2002","vampire academy"
"2003","vampire academy (vampire academy series)"
"2004","vanilla"
"2005","ven a mi casa"
"2006","vote weirdo (weirdo series)"
"2007","wait, what? a comic book guide to relationships, bodies and growing up"
"2008","walk two moons"
"2009","walter mosley, 47"
"2010","warriors don't cry"
"2011","water for elephants"
"2012","wayward witch"
"2013","wayward witch (brooklyn brujas series)"
"2014","we are all born free: the universal declaration of human rights in pictures"
"2015","we are all born free: the universal declariation of human rights in pictures"
"2016","we are grateful"
"2017","we are grateful: otsaliheliga"
"2018","we are lost and found"
"2019","we are not from here"
"2020","we are not yet equal - understanding our racial divide"
"2021","we are the ants"
"2022","we are the ship: the story of negro league baseball"
"2023","we contain multitudes"
"2024","we march"
"2025","we now return to regular
 life : a novel"
"2026","we now return to regular life"
"2027","we rise, we resiste, we raise our voices"
"2028","we the students : supreme
 court cases for and about
 students"
"2029","we the students: supreme court cases for and about students"
"2030","we want to do more than survive "
"2031","we want to do more than survive: abolitionist teaching and the pursuit of educational freedom"
"2032","we were eight years in
 power : an american
 tragedy"
"2033","we were eight years in power: an american tragedy"
"2034","weird girl and what's his name"
"2035","weirdo (series)"
"2036","weirdo (weirdo series)"
"2037","weirdomania! (weirdo series)"
"2038","whale talk"
"2039","what do you do with a tail like this"
"2040","what every girl should know: margaret sanger's journey"
"2041","what girls are made of"
"2042","what happened to lani
 garver"
"2043","what happened to lani garver"
"2044","what if it's us"
"2045","what if it's us (what if it's us series)"
"2046","what is black lives matter?"
"2047","what is black lives matter? (what was...? series)"
"2048","what is the black lives matter movement?"
"2049","what is the women's rights movement"
"2050","what is the women's rights movement? (what was...? series)"
"2051","what my mother doesn't know"
"2052","what my mother doesn't know (what my mother doesn't know series)"
"2053","what philosophy can do"
"2054","what they always tell us"
"2055","what was stone wsall"
"2056","what was stonewall? (what was...? series)"
"2057","what was the march on washington"
"2058","what was the march on washington? (what was...? series)"
"2059","what was the underground railroad"
"2060","what was the underground railroad? (what was...? series)"
"2061","what we saw"
"2062","what were the negro leagues"
"2063","what were the negro leagues? (what was...? series)"
"2064","whatever"
"2065","whatever.: or how junior year became totally f$@ked"
"2066","when aidan became a brother"
"2067","when kayla was kyle"
"2068","when peace met power"
"2069","when religion & politics mix : how matters of faith influence political policies"
"2070","when stars are scattered"
"2071","when the beat was born"
"2072","when the beat was born: dj kool herc and the creation of hip hop"
"2073","when the moon was ours"
"2074","when they call you a terrorist : a story of black lives matter and the power to change the world"
"2075","when they call you a terrorist: a story of black lives matter and the power to change the world"
"2076","when we were magic"
"2077","when wilma rudolf played basketball"
"2078","when you’re ready: coming out"
"2079","where i end and you begin"
"2080","whistle me home"
"2081","whistling vivaldi"
"2082","whistling vivaldi: and other clues to how stereotypes affect us"
"2083","white bird"
"2084","white fragility"
"2085","white fragility: why it's so hard for white people to talk about racism"
"2086","white privilege"
"2087","white rabbit"
"2088","white rage: the unspoken truth of our racial divide"
"2089","who am i without him?: a short story collection about girls and boys in their lives"
"2090","who am i without him?..."
"2091","who are venus and serena williams?"
"2092","who are venus and serena williams? (who was...? series)"
"2093","who are you? a kids guide to gender identity"
"2094","who i was with her"
"2095","who is barack obama?"
"2096","who is barack obama? (who was...? series)"
"2097","who is derek jeter"
"2098","who is derek jeter? (who was...? series)"
"2099","who is malala yousafzai"
"2100","who is malala yousafzai? (who was...? series)"
"2101","who is michelle obama"
"2102","who is michelle obama? (who was...? series)"
"2103","who is sonia sotomayor"
"2104","who is sonia sotomayor? (who was...? series)"
"2105","who wants i scream? (desmond cole ghost patrol series)"
"2106","who was aretha franklin"
"2107","who was aretha franklin? (who was...? series)"
"2108","who was cesar chavez"
"2109","who was cesar chavez? (who was...? series)"
"2110","who was eleanor roosevelt"
"2111","who was eleanor roosevelt? (who was...? series)"
"2112","who was frida kahlo"
"2113","who was frida kahlo? (who was...? series)"
"2114","who was harriet beecher stowe"
"2115","who was harriet beecher stowe? (who was...? series)"
"2116","who was harriet tubman "
"2117","who was jesse owens? (who was...? series)"
"2118","who was jesse owns"
"2119","who was lucille ball"
"2120","who was lucille ball? (who was...? series)"
"2121","who was maria tallchief"
"2122","who was maria tallchief? (who was...? series)"
"2123","who was marie curie"
"2124","who was marie curie? (who was...? series)"
"2125","who was maya angelou"
"2126","who was maya angelou? (who was...? series)"
"2127","who was rachel carson"
"2128","who was rachel carson? (who was...? series)"
"2129","who was sojourner truth"
"2130","who was sojourner truth? (who was...? series)"
"2131","who was susan b anthony?"
"2132","who was susan b. anthony? (who was...? series)"
"2133","why are all the black kids sitting together in the cafeteria"
"2134","why are all the black kids sitting together in the cafeteria and other conversations about race"
"2135","why are all the black kids sitting together in the cafeteria?: and other conversations about race"
"2136","why mosquitos buzz in people's ears: a west african tale"
"2137","wide awake"
"2138","will"
"2139","will grayson will grayson"
"2140","will grayson, will grayson"
"2141","will grayson, will grayson (will grayson, will grayson series)"
"2142","willful machines"
"2143","wind up girl"
"2144","wings"
"2145","wishtree"
"2146","with or without you"
"2147","woke: a poet's call to justice"
"2148","wonder woman: tempest tossed"
"2149","wonders of the invisible
 world"
"2150","wonders of the invisible world"
"2151","worm loves worm"
"2152","wrecked: a novel"
"2153","write rage"
"2154","y: the last man"
"2155","yang, kelly"
"2156","yaqui degado wants to kick your ass"
"2157","yaqui delgado wants to kick your ass"
"2158","yasmin the builder (yasmin series)"
"2159","yasmin the chef (yasmin series)"
"2160","yasmin the explorer (yasmin series)"
"2161","yasmin the fashionista (yasmin series)"
"2162","yasmin the friend (yasmin series)"
"2163","yasmin the gardener (yasmin series)"
"2164","yasmin the librarian (yasmin series)"
"2165","yasmin the painter (yasmin series)"
"2166","yasmin the recycler (yasmin series)"
"2167","yasmin the scientist (yasmin series)"
"2168","yasmin the singer (yasmin series)"
"2169","yasmin the soccer star (yasmin series)"
"2170","yasmin the superhero (yasmin series)"
"2171","yasmin the teacher (yasmin series)"
"2172","yasmin the writer (yasmin series)"
"2173","yasmin the zookeeper (yasmin series)"
"2174","yolk"
"2175","you against me"
"2176","you and me and him"
"2177","you are the supreme court justice"
"2178","you brought me the ocean"
"2179","you do you"
"2180","you don’t live here"
"2181","you know me well"
"2182","you know me well : a novel"
"2183","you know me well: a novel"
"2184","you matter"
"2185","you: a novel"
"2186","young gifted and black: meet 52 black heroes from past and present"
"2187","young, gifted and black"
"2188","your name is a song"
"2189","zenobia july"
"2190","ziggy, stardust & me"
"2191","ziggy, stardust and me"
"2192","zombies on the loose"
